date,portfolio,realised_loss,var_99,exception
2022-05-26,Max Sharpe,-0.0003584327170671115,0.008169301085269327,0
2022-05-27,Max Sharpe,-0.0014944845741231491,0.008169301085269327,0
2022-05-31,Max Sharpe,-1.9200373519673232e-05,0.008169301085269327,0
2022-06-01,Max Sharpe,-0.0031357224479143073,0.008169301085269327,0
2022-06-02,Max Sharpe,-0.0013205755889119336,0.008169301085269327,0
2022-06-03,Max Sharpe,0.0020240056804371044,0.008169301085269327,0
2022-06-06,Max Sharpe,-0.001493700469460736,0.008169301085269327,0
2022-06-07,Max Sharpe,-0.002160324398326555,0.008169301085269327,0
2022-06-08,Max Sharpe,0.0005390768361623823,0.008169301085269327,0
2022-06-09,Max Sharpe,0.0001981575082796302,0.008169301085269327,0
2022-06-10,Max Sharpe,-0.002498289050874186,0.008169301085269327,0
2022-06-13,Max Sharpe,0.011238594523937221,0.008169301085269327,1
2022-06-14,Max Sharpe,0.002143553081171752,0.010005859029024287,0
2022-06-15,Max Sharpe,-0.0008812549378027076,0.010005859029024287,0
2022-06-16,Max Sharpe,0.009167911708208212,0.010005859029024287,0
2022-06-17,Max Sharpe,-0.0029972714472970272,0.010223959944229987,0
2022-06-21,Max Sharpe,-0.00034507282716950615,0.010223959944229987,0
2022-06-22,Max Sharpe,0.0018617970223347934,0.010223959944229987,0
2022-06-23,Max Sharpe,-0.0007778668367505759,0.010223959944229987,0
2022-06-24,Max Sharpe,-0.003660300772511575,0.010223959944229987,0
2022-06-27,Max Sharpe,0.0020785918545148216,0.010223959944229987,0
2022-06-28,Max Sharpe,-0.0007512624700572556,0.010223959944229987,0
2022-06-29,Max Sharpe,-0.0023334736000077357,0.010223959944229987,0
2022-06-30,Max Sharpe,0.005154114331717488,0.010223959944229987,0
2022-07-01,Max Sharpe,-0.002750641528338575,0.010223959944229987,0
2022-07-05,Max Sharpe,-0.0014676307271034056,0.010223959944229987,0
2022-07-06,Max Sharpe,0.0006317768434581986,0.010223959944229987,0
2022-07-07,Max Sharpe,-0.0043055647669021785,0.010223959944229987,0
2022-07-08,Max Sharpe,-0.00027279096273821177,0.010223959944229987,0
2022-07-11,Max Sharpe,-0.00176600027919648,0.010223959944229987,0
2022-07-12,Max Sharpe,0.003957466898301941,0.010223959944229987,0
2022-07-13,Max Sharpe,-0.0005323235556257357,0.010223959944229987,0
2022-07-14,Max Sharpe,1.147193941959928e-05,0.010223959944229987,0
2022-07-15,Max Sharpe,0.0006387650778166797,0.010223959944229987,0
2022-07-18,Max Sharpe,0.001222160994106053,0.010223959944229987,0
2022-07-19,Max Sharpe,-0.0019137411358061034,0.010223959944229987,0
2022-07-20,Max Sharpe,0.0005599097717317863,0.010223959944229987,0
2022-07-21,Max Sharpe,-0.0025563028301790443,0.010223959944229987,0
2022-07-22,Max Sharpe,0.0017353501389057305,0.010223959944229987,0
2022-07-25,Max Sharpe,0.0018191020040418558,0.010223959944229987,0
2022-07-26,Max Sharpe,-0.0019417198005953567,0.010223959944229987,0
2022-07-27,Max Sharpe,-0.003360297529551864,0.010223959944229987,0
2022-07-28,Max Sharpe,-0.0044032086393125,0.010223959944229987,0
2022-07-29,Max Sharpe,-0.0006755273629782638,0.010223959944229987,0
2022-08-01,Max Sharpe,0.0023463733299763424,0.010223959944229987,0
2022-08-02,Max Sharpe,-0.0005751054294219646,0.010223959944229987,0
2022-08-03,Max Sharpe,-0.003258451442750142,0.010223959944229987,0
2022-08-04,Max Sharpe,0.0005338179170544562,0.010223959944229987,0
2022-08-05,Max Sharpe,-0.002154507501108685,0.010223959944229987,0
2022-08-08,Max Sharpe,-0.0021924898814530496,0.010223959944229987,0
2022-08-09,Max Sharpe,0.0012395228757083156,0.010223959944229987,0
2022-08-10,Max Sharpe,0.002732701156841763,0.010223959944229987,0
2022-08-11,Max Sharpe,-0.0001773799428696868,0.010223959944229987,0
2022-08-12,Max Sharpe,-0.006398480521193729,0.010223959944229987,0
2022-08-15,Max Sharpe,-0.0013962764713036334,0.010223959944229987,0
2022-08-16,Max Sharpe,0.0011916431457160322,0.010223959944229987,0
2022-08-17,Max Sharpe,0.0021067962852731655,0.010223959944229987,0
2022-08-18,Max Sharpe,-0.0044660782950124425,0.010223959944229987,0
2022-08-19,Max Sharpe,0.0024021135901016117,0.010223959944229987,0
2022-08-22,Max Sharpe,-0.0010388368947405776,0.010223959944229987,0
2022-08-23,Max Sharpe,0.0002807868293928967,0.010223959944229987,0
2022-08-24,Max Sharpe,-0.0015453374774631711,0.010223959944229987,0
2022-08-25,Max Sharpe,-0.0014861575316283972,0.010223959944229987,0
2022-08-26,Max Sharpe,0.00661080567178603,0.010223959944229987,0
2022-08-29,Max Sharpe,-0.0003018584723418704,0.010223959944229987,0
2022-08-30,Max Sharpe,0.004783561291327743,0.010223959944229987,0
2022-08-31,Max Sharpe,0.0037583803583259075,0.010223959944229987,0
2022-09-01,Max Sharpe,-0.0020226647447865076,0.010223959944229987,0
2022-09-02,Max Sharpe,-0.0008455449496560664,0.010223959944229987,0
2022-09-06,Max Sharpe,-0.00011215888395926267,0.010223959944229987,0
2022-09-07,Max Sharpe,0.00022808425583767996,0.010223959944229987,0
2022-09-08,Max Sharpe,-0.0005881174835162884,0.010223959944229987,0
2022-09-09,Max Sharpe,-0.002779153547257095,0.010223959944229987,0
2022-09-12,Max Sharpe,-0.001105420342984562,0.010223959944229987,0
2022-09-13,Max Sharpe,0.0030948794728023147,0.010223959944229987,0
2022-09-14,Max Sharpe,0.0012793400110239464,0.010223959944229987,0
2022-09-15,Max Sharpe,0.006792919432247368,0.010223959944229987,0
2022-09-16,Max Sharpe,-0.0002901725634948322,0.010223959944229987,0
2022-09-19,Max Sharpe,-0.0004883576633386661,0.010223959944229987,0
2022-09-20,Max Sharpe,0.0016137950791849766,0.010223959944229987,0
2022-09-21,Max Sharpe,-0.003921752457650679,0.010223959944229987,0
2022-09-22,Max Sharpe,-0.000498202991747129,0.010223959944229987,0
2022-09-23,Max Sharpe,-0.0005444647664470744,0.010223959944229987,0
2022-09-26,Max Sharpe,-0.0010407494077976026,0.010223959944229987,0
2022-09-27,Max Sharpe,-4.4723969691157326e-05,0.010223959944229987,0
2022-09-28,Max Sharpe,-0.0015974365253662714,0.010223959944229987,0
2022-09-29,Max Sharpe,0.004930631962099737,0.010223959944229987,0
2022-09-30,Max Sharpe,0.0022206045718321686,0.010223959944229987,0
2022-10-03,Max Sharpe,-0.007373860560007556,0.010223959944229987,0
2022-10-04,Max Sharpe,-0.0016167379124476353,0.010223959944229987,0
2022-10-05,Max Sharpe,-0.0035678070385312594,0.010223959944229987,0
2022-10-06,Max Sharpe,-0.0036667963761551877,0.010223959944229987,0
2022-10-07,Max Sharpe,0.003538687753191391,0.010223959944229987,0
2022-10-10,Max Sharpe,0.002884167496897492,0.010223959944229987,0
2022-10-11,Max Sharpe,0.0019590105226941676,0.010223959944229987,0
2022-10-12,Max Sharpe,-0.000571094468789176,0.010223959944229987,0
2022-10-13,Max Sharpe,0.0011946116817349185,0.010223959944229987,0
2022-10-14,Max Sharpe,0.0027259313713798566,0.010223959944229987,0
2022-10-17,Max Sharpe,0.0012280691733354866,0.010223959944229987,0
2022-10-18,Max Sharpe,-0.0009618722302167452,0.010223959944229987,0
2022-10-19,Max Sharpe,0.00016628539632636578,0.010223959944229987,0
2022-10-20,Max Sharpe,0.001048322860737071,0.010223959944229987,0
2022-10-21,Max Sharpe,-0.0023548516143096438,0.010223959944229987,0
2022-10-24,Max Sharpe,-0.0010425919894312564,0.010223959944229987,0
2022-10-25,Max Sharpe,0.0021494825773640145,0.010223959944229987,0
2022-10-26,Max Sharpe,0.003309897137563556,0.010223959944229987,0
2022-10-27,Max Sharpe,-0.0029297071887584496,0.010223959944229987,0
2022-10-28,Max Sharpe,-0.0014109643752564852,0.010223959944229987,0
2022-10-31,Max Sharpe,-0.001267270204395261,0.010223959944229987,0
2022-11-01,Max Sharpe,-0.0026924465671300675,0.010223959944229987,0
2022-11-02,Max Sharpe,0.002246946489682647,0.010223959944229987,0
2022-11-03,Max Sharpe,-0.0022895883147053676,0.010223959944229987,0
2022-11-04,Max Sharpe,-0.0011713509560323434,0.010223959944229987,0
2022-11-07,Max Sharpe,0.00383351431603853,0.010223959944229987,0
2022-11-08,Max Sharpe,-0.0009947992326649058,0.010223959944229987,0
2022-11-09,Max Sharpe,0.0034388758300016677,0.010223959944229987,0
2022-11-10,Max Sharpe,-0.0038928275418144576,0.010223959944229987,0
2022-11-11,Max Sharpe,0.004973649114135548,0.010223959944229987,0
2022-11-14,Max Sharpe,-0.00045848083601378103,0.010223959944229987,0
2022-11-15,Max Sharpe,-0.0008457077068116477,0.010223959944229987,0
2022-11-16,Max Sharpe,0.002965610133083021,0.010223959944229987,0
2022-11-17,Max Sharpe,0.000342084114467274,0.010223959944229987,0
2022-11-18,Max Sharpe,-0.00024638813906491144,0.010223959944229987,0
2022-11-21,Max Sharpe,-0.0018290581295931727,0.010223959944229987,0
2022-11-22,Max Sharpe,0.0004210460302988615,0.010223959944229987,0
2022-11-23,Max Sharpe,0.003555066768200387,0.010223959944229987,0
2022-11-25,Max Sharpe,-0.00022039057355172214,0.00894981079300251,0
2022-11-28,Max Sharpe,0.00020566322000379212,0.00894981079300251,0
2022-11-29,Max Sharpe,-0.002743847894678013,0.00894981079300251,0
2022-11-30,Max Sharpe,-0.0035662084891784915,0.00894981079300251,0
2022-12-01,Max Sharpe,0.002514380751558648,0.00894981079300251,0
2022-12-02,Max Sharpe,0.0014474370320581487,0.00894981079300251,0
2022-12-05,Max Sharpe,0.0024333334061742325,0.00894981079300251,0
2022-12-06,Max Sharpe,0.0010987104546969434,0.00894981079300251,0
2022-12-07,Max Sharpe,0.0005698751530884629,0.00894981079300251,0
2022-12-08,Max Sharpe,0.0005831376769114634,0.00894981079300251,0
2022-12-09,Max Sharpe,-0.0011635167324703143,0.00894981079300251,0
2022-12-12,Max Sharpe,-0.0005635724455487862,0.00894981079300251,0
2022-12-13,Max Sharpe,-0.0013971821229409422,0.00894981079300251,0
2022-12-14,Max Sharpe,0.0032919647033302054,0.00894981079300251,0
2022-12-15,Max Sharpe,0.0028281391113702324,0.00894981079300251,0
2022-12-16,Max Sharpe,-7.704560049090286e-05,0.00894981079300251,0
2022-12-19,Max Sharpe,0.001433349993238863,0.00894981079300251,0
2022-12-20,Max Sharpe,-0.00048555077500885664,0.00894981079300251,0
2022-12-21,Max Sharpe,-0.003534986810500227,0.00894981079300251,0
2022-12-22,Max Sharpe,0.0036916381975979494,0.00894981079300251,0
2022-12-23,Max Sharpe,-0.0015488941505100182,0.00894981079300251,0
2022-12-27,Max Sharpe,-0.0011254906962017983,0.00894981079300251,0
2022-12-28,Max Sharpe,0.0011813400643195331,0.00894981079300251,0
2022-12-29,Max Sharpe,-0.0003973062458733712,0.00894981079300251,0
2022-12-30,Max Sharpe,0.00131186334013547,0.00894981079300251,0
2023-01-03,Max Sharpe,-0.007617974492398184,0.00894981079300251,0
2023-01-04,Max Sharpe,-0.0007293749589517481,0.00894981079300251,0
2023-01-05,Max Sharpe,-0.0010869250851385064,0.00894981079300251,0
2023-01-06,Max Sharpe,-0.0003651265652635507,0.00894981079300251,0
2023-01-09,Max Sharpe,0.0021374768258778072,0.00894981079300251,0
2023-01-10,Max Sharpe,-0.002236493154987777,0.00894981079300251,0
2023-01-11,Max Sharpe,-0.0027568421886247706,0.00894981079300251,0
2023-01-12,Max Sharpe,0.0005373682233838274,0.00894981079300251,0
2023-01-13,Max Sharpe,-0.004533325093299155,0.00894981079300251,0
2023-01-17,Max Sharpe,-0.001639107318375889,0.00894981079300251,0
2023-01-18,Max Sharpe,0.0028774524003418187,0.00894981079300251,0
2023-01-19,Max Sharpe,-0.001974787329696267,0.00894981079300251,0
2023-01-20,Max Sharpe,-0.002183759875621062,0.00894981079300251,0
2023-01-23,Max Sharpe,-0.0026939082126079166,0.00894981079300251,0
2023-01-24,Max Sharpe,0.0005351280886083891,0.00894981079300251,0
2023-01-25,Max Sharpe,-4.825924296555581e-05,0.00894981079300251,0
2023-01-26,Max Sharpe,-0.0004972512245790638,0.00894981079300251,0
2023-01-27,Max Sharpe,-0.00018603118999688926,0.00894981079300251,0
2023-01-30,Max Sharpe,0.0006482040159686958,0.00894981079300251,0
2023-01-31,Max Sharpe,-0.0019152875942214478,0.00894981079300251,0
2023-02-01,Max Sharpe,0.0011770991823081818,0.00894981079300251,0
2023-02-02,Max Sharpe,0.00011266473977392176,0.00894981079300251,0
2023-02-03,Max Sharpe,0.0004802468774495795,0.00894981079300251,0
2023-02-06,Max Sharpe,-0.002269862208104696,0.00894981079300251,0
2023-02-07,Max Sharpe,-0.0018738767488740904,0.00894981079300251,0
2023-02-08,Max Sharpe,0.00012410919906285416,0.00894981079300251,0
2023-02-09,Max Sharpe,0.004655213883358318,0.00894981079300251,0
2023-02-10,Max Sharpe,-0.0025477907728217925,0.00894981079300251,0
2023-02-13,Max Sharpe,0.0010977066806616238,0.00894981079300251,0
2023-02-14,Max Sharpe,-0.00012037594925325784,0.00894981079300251,0
2023-02-15,Max Sharpe,-0.0033608159020978145,0.00894981079300251,0
2023-02-16,Max Sharpe,0.0017526828691902892,0.00894981079300251,0
2023-02-17,Max Sharpe,-0.000598658501181852,0.00894981079300251,0
2023-02-21,Max Sharpe,0.0018489013935352784,0.00894981079300251,0
2023-02-22,Max Sharpe,0.0005609078715851052,0.00894981079300251,0
2023-02-23,Max Sharpe,-0.0012378058528255648,0.00894981079300251,0
2023-02-24,Max Sharpe,-0.00022668429318997273,0.00894981079300251,0
2023-02-27,Max Sharpe,0.001197735976025361,0.00894981079300251,0
2023-02-28,Max Sharpe,-0.0018856723028560659,0.00894981079300251,0
2023-03-01,Max Sharpe,0.0012274419530305528,0.00894981079300251,0
2023-03-02,Max Sharpe,-0.0036411226575431043,0.00894981079300251,0
2023-03-03,Max Sharpe,-0.0020277626068064226,0.00894981079300251,0
2023-03-06,Max Sharpe,0.001819754452421967,0.00894981079300251,0
2023-03-07,Max Sharpe,0.0001540737422773427,0.00894981079300251,0
2023-03-08,Max Sharpe,0.0005866101521967644,0.00894981079300251,0
2023-03-09,Max Sharpe,0.0030684006702150143,0.008264291247244366,0
2023-03-10,Max Sharpe,0.0004016736424852167,0.008264291247244366,0
2023-03-13,Max Sharpe,-0.0023313396015711934,0.008264291247244366,0
2023-03-14,Max Sharpe,-0.0005193628200538716,0.008264291247244366,0
2023-03-15,Max Sharpe,-0.004435643498766984,0.008264291247244366,0
2023-03-16,Max Sharpe,-0.0027545156603069683,0.008264291247244366,0
2023-03-17,Max Sharpe,-0.0028670103358592164,0.008264291247244366,0
2023-03-20,Max Sharpe,0.0008996916759209865,0.008264291247244366,0
2023-03-21,Max Sharpe,0.0015914065864068784,0.008264291247244366,0
2023-03-22,Max Sharpe,0.0026808692788934415,0.008264291247244366,0
2023-03-23,Max Sharpe,-0.004427820566637783,0.008264291247244366,0
2023-03-24,Max Sharpe,-0.0008293462781769818,0.008264291247244366,0
2023-03-27,Max Sharpe,0.0026530748642565097,0.008264291247244366,0
2023-03-28,Max Sharpe,0.0002287026691631141,0.008264291247244366,0
2023-03-29,Max Sharpe,-0.003010369847243491,0.008264291247244366,0
2023-03-30,Max Sharpe,-0.000640508785838291,0.008264291247244366,0
2023-03-31,Max Sharpe,-0.003254983879799252,0.008264291247244366,0
2023-04-03,Max Sharpe,-0.00045783716971389425,0.008264291247244366,0
2023-04-04,Max Sharpe,-0.0016338964713967267,0.008264291247244366,0
2023-04-05,Max Sharpe,-0.0009328350142568248,0.008264291247244366,0
2023-04-06,Max Sharpe,0.00067713814830518,0.008264291247244366,0
2023-04-10,Max Sharpe,-0.002608103754848424,0.008264291247244366,0
2023-04-11,Max Sharpe,-0.00031988349306975394,0.008264291247244366,0
2023-04-12,Max Sharpe,0.0017458089784773653,0.008264291247244366,0
2023-04-13,Max Sharpe,-0.002148283949015796,0.008264291247244366,0
2023-04-14,Max Sharpe,0.000991782018778363,0.008264291247244366,0
2023-04-17,Max Sharpe,-0.0009417669477234396,0.008264291247244366,0
2023-04-18,Max Sharpe,0.00018061317199791319,0.008264291247244366,0
2023-04-19,Max Sharpe,0.0016018857245463196,0.008264291247244366,0
2023-04-20,Max Sharpe,0.0004672791860125156,0.008264291247244366,0
2023-04-21,Max Sharpe,0.0029961758207298866,0.008264291247244366,0
2023-04-24,Max Sharpe,0.0003802593551827369,0.008264291247244366,0
2023-04-25,Max Sharpe,-0.0018009346851600829,0.008264291247244366,0
2023-04-26,Max Sharpe,0.004199156000070613,0.008264291247244366,0
2023-04-27,Max Sharpe,-0.0034492527105482148,0.008264291247244366,0
2023-04-28,Max Sharpe,-0.0021957352190758476,0.008264291247244366,0
2023-05-01,Max Sharpe,-0.00024760292337055106,0.008004165492987377,0
2023-05-02,Max Sharpe,-0.0007614557011305838,0.008004165492987377,0
2023-05-03,Max Sharpe,0.002365876586097869,0.008004165492987377,0
2023-05-04,Max Sharpe,-0.0014131573405217965,0.008004165492987377,0
2023-05-05,Max Sharpe,0.0007246610002353735,0.008004165492987377,0
2023-05-08,Max Sharpe,-0.0001067717954515251,0.008004165492987377,0
2023-05-09,Max Sharpe,-0.002988745808230384,0.006703683689621311,0
2023-05-10,Max Sharpe,0.0010979009837948264,0.006703683689621311,0
2023-05-11,Max Sharpe,-0.0007575951411983504,0.006703683689621311,0
2023-05-12,Max Sharpe,-0.002452948919641092,0.006703683689621311,0
2023-05-15,Max Sharpe,-5.745212547115348e-05,0.006703683689621311,0
2023-05-16,Max Sharpe,0.002828873445924935,0.006703683689621311,0
2023-05-17,Max Sharpe,-0.002514297074270077,0.006703683689621311,0
2023-05-18,Max Sharpe,-0.0014554869932384964,0.006703683689621311,0
2023-05-19,Max Sharpe,-0.000729406370043876,0.006703683689621311,0
2023-05-22,Max Sharpe,9.733994260828514e-05,0.006703683689621311,0
2023-05-23,Max Sharpe,-0.0007168492806579945,0.006703683689621311,0
2023-05-24,Max Sharpe,0.0017179587722326107,0.006703683689621311,0
2023-05-25,Max Sharpe,-0.0007002944987015114,0.006703683689621311,0
2023-05-26,Max Sharpe,-0.002846402829663519,0.006703683689621311,0
2023-05-30,Max Sharpe,-0.0002859575566730962,0.006703683689621311,0
2023-05-31,Max Sharpe,0.0005786049940591158,0.006703683689621311,0
2023-06-01,Max Sharpe,0.0030844183627644402,0.006703683689621311,0
2023-06-02,Max Sharpe,-0.005547119723148002,0.006703683689621311,0
2023-06-05,Max Sharpe,0.0013830719395405016,0.006703683689621311,0
2023-06-06,Max Sharpe,-0.0037976318478083883,0.006703683689621311,0
2023-06-07,Max Sharpe,0.0038163656644793174,0.006703683689621311,0
2023-06-08,Max Sharpe,0.0007808316461865156,0.006703683689621311,0
2023-06-09,Max Sharpe,-0.0010469347381013702,0.006703683689621311,0
2023-06-12,Max Sharpe,0.0002659492938748948,0.006703683689621311,0
2023-06-13,Max Sharpe,0.0017886557181880024,0.005897026915152432,0
2023-06-14,Max Sharpe,0.003091120487378065,0.005897026915152432,0
2023-06-15,Max Sharpe,-0.0009956048417162243,0.005897026915152432,0
2023-06-16,Max Sharpe,-0.0011243774287181692,0.005065686375102336,0
2023-06-20,Max Sharpe,0.00045415818019257925,0.005065686375102336,0
2023-06-21,Max Sharpe,0.0018173678870181792,0.005065686375102336,0
2023-06-22,Max Sharpe,0.0011963654776163668,0.005065686375102336,0
2023-06-23,Max Sharpe,-0.002680513153900897,0.005065686375102336,0
2023-06-26,Max Sharpe,0.0006724255751853313,0.005065686375102336,0
2023-06-27,Max Sharpe,0.0012352524198433908,0.005065686375102336,0
2023-06-28,Max Sharpe,-0.0023004791885044397,0.005065686375102336,0
2023-06-29,Max Sharpe,-0.002705169317930286,0.005065686375102336,0
2023-06-30,Max Sharpe,-0.001100203187885437,0.004952570709638,0
2023-07-03,Max Sharpe,-0.0012406772158671993,0.004952570709638,0
2023-07-05,Max Sharpe,-0.0009430969801637694,0.004952570709638,0
2023-07-06,Max Sharpe,0.0043838781022861265,0.004952570709638,0
2023-07-07,Max Sharpe,0.00229691019324411,0.004952570709638,0
2023-07-10,Max Sharpe,0.0008368210712592979,0.004952570709638,0
2023-07-11,Max Sharpe,-0.0011419720552997925,0.004952570709638,0
2023-07-12,Max Sharpe,0.0018018566757177026,0.004952570709638,0
2023-07-13,Max Sharpe,0.0010121120109180457,0.004952570709638,0
2023-07-14,Max Sharpe,0.0014190659502150162,0.004952570709638,0
2023-07-17,Max Sharpe,0.0006039374224591622,0.004952570709638,0
2023-07-18,Max Sharpe,-0.004234253606538421,0.004952570709638,0
2023-07-19,Max Sharpe,-0.0025505183382877527,0.004952570709638,0
2023-07-20,Max Sharpe,-0.001221979015363017,0.004952570709638,0
2023-07-21,Max Sharpe,-0.0014769530881208828,0.004952570709638,0
2023-07-24,Max Sharpe,-0.001342118362493859,0.004952570709638,0
2023-07-25,Max Sharpe,-0.0010619325067045644,0.004952570709638,0
2023-07-26,Max Sharpe,0.00037922954153078313,0.004952570709638,0
2023-07-27,Max Sharpe,-0.0010043186323358368,0.004952570709638,0
2023-07-28,Max Sharpe,-0.0025829444725365344,0.004952570709638,0
2023-07-31,Max Sharpe,-0.002099302272335638,0.004952570709638,0
2023-08-01,Max Sharpe,0.000549028922847063,0.004952570709638,0
2023-08-02,Max Sharpe,0.0022043634083066797,0.004952570709638,0
2023-08-03,Max Sharpe,0.0005549206053248194,0.004952570709638,0
2023-08-04,Max Sharpe,0.001982876350883132,0.004952570709638,0
2023-08-07,Max Sharpe,-0.0011635150510073118,0.004952570709638,0
2023-08-08,Max Sharpe,-0.0010533922346586243,0.004952570709638,0
2023-08-09,Max Sharpe,0.0010882614776449298,0.004952570709638,0
2023-08-10,Max Sharpe,-0.0005656427665833212,0.004952570709638,0
2023-08-11,Max Sharpe,-0.000716769558859936,0.004952570709638,0
2023-08-14,Max Sharpe,-0.0014487418986987334,0.004952570709638,0
2023-08-15,Max Sharpe,0.002706424324551464,0.004952570709638,0
2023-08-16,Max Sharpe,0.0015575702524817676,0.004952570709638,0
2023-08-17,Max Sharpe,0.0029744434330746085,0.004952570709638,0
2023-08-18,Max Sharpe,-0.00030782310450084167,0.004952570709638,0
2023-08-21,Max Sharpe,-0.0006678550089715739,0.004952570709638,0
2023-08-22,Max Sharpe,-0.001924237970044123,0.004952570709638,0
2023-08-23,Max Sharpe,-0.0021135251556683417,0.004952570709638,0
2023-08-24,Max Sharpe,-0.0022949225022052626,0.004952570709638,0
2023-08-25,Max Sharpe,-0.0017188700541913022,0.004952570709638,0
2023-08-28,Max Sharpe,-0.0008666045118073382,0.004858567333421458,0
2023-08-29,Max Sharpe,-0.0025389181981378705,0.004858567333421458,0
2023-08-30,Max Sharpe,0.0003611522285456838,0.004795677103516439,0
2023-08-31,Max Sharpe,-0.0014652281690718206,0.004795677103516439,0
2023-09-01,Max Sharpe,-0.004096079872853423,0.004795677103516439,0
2023-09-05,Max Sharpe,-0.00036029661628380217,0.004795677103516439,0
2023-09-06,Max Sharpe,0.0013550747023743834,0.004795677103516439,0
2023-09-07,Max Sharpe,-0.0014710672578642772,0.004795677103516439,0
2023-09-08,Max Sharpe,-0.0005661008299105605,0.004795677103516439,0
2023-09-11,Max Sharpe,0.001807950375156205,0.004795677103516439,0
2023-09-12,Max Sharpe,-1.2451055214304503e-05,0.004795677103516439,0
2023-09-13,Max Sharpe,-0.00015202128296380865,0.004795677103516439,0
2023-09-14,Max Sharpe,-0.005698369919743454,0.004795677103516439,0
2023-09-15,Max Sharpe,5.055323663608448e-05,0.004522259350632942,0
2023-09-18,Max Sharpe,-0.00037076665332924706,0.004522259350632942,0
2023-09-19,Max Sharpe,-0.00034012729793179145,0.004522259350632942,0
2023-09-20,Max Sharpe,0.00020605922682800275,0.004522259350632942,0
2023-09-21,Max Sharpe,0.004159400293856328,0.004522259350632942,0
2023-09-22,Max Sharpe,-0.002102473785250926,0.004522259350632942,0
2023-09-25,Max Sharpe,-0.0006554769499800765,0.004522259350632942,0
2023-09-26,Max Sharpe,0.002041525764312162,0.004522259350632942,0
2023-09-27,Max Sharpe,-0.0004070935159120033,0.004522259350632942,0
2023-09-28,Max Sharpe,0.0030449707513673175,0.004522259350632942,0
2023-09-29,Max Sharpe,0.0025830729734101147,0.0042933642722005234,0
2023-10-02,Max Sharpe,-0.0011523559172124773,0.0042933642722005234,0
2023-10-03,Max Sharpe,0.002090685857805916,0.0042933642722005234,0
2023-10-04,Max Sharpe,0.0017569861120764712,0.0042933642722005234,0
2023-10-05,Max Sharpe,0.002639635119522036,0.0042933642722005234,0
2023-10-06,Max Sharpe,-0.0020042625190384274,0.0042933642722005234,0
2023-10-09,Max Sharpe,-0.005114994548059769,0.0042933642722005234,0
2023-10-10,Max Sharpe,0.0007717393947651264,0.0042933642722005234,0
2023-10-11,Max Sharpe,-0.0016492715115100775,0.0042933642722005234,0
2023-10-12,Max Sharpe,-0.002801637925441634,0.0042933642722005234,0
2023-10-13,Max Sharpe,-0.007613456195306121,0.0042933642722005234,0
2023-10-16,Max Sharpe,0.0013407334264945415,0.0042933642722005234,0
2023-10-17,Max Sharpe,-0.0005228041996118364,0.0042933642722005234,0
2023-10-18,Max Sharpe,-0.003231885721325587,0.0042933642722005234,0
2023-10-19,Max Sharpe,-0.0003129412695253872,0.0042933642722005234,0
2023-10-20,Max Sharpe,0.0002923731558464695,0.0042933642722005234,0
2023-10-23,Max Sharpe,0.0018908443976715236,0.0042933642722005234,0
2023-10-24,Max Sharpe,-0.00430936389786925,0.0042933642722005234,0
2023-10-25,Max Sharpe,-0.0014049931530426612,0.0042933642722005234,0
2023-10-26,Max Sharpe,0.000256235695111499,0.0042933642722005234,0
2023-10-27,Max Sharpe,-0.001445513838133856,0.0042933642722005234,0
2023-10-30,Max Sharpe,0.0021514398579277165,0.0042933642722005234,0
2023-10-31,Max Sharpe,-0.002778931944597234,0.0042933642722005234,0
2023-11-01,Max Sharpe,-0.0015688169314826772,0.0042933642722005234,0
2023-11-02,Max Sharpe,-0.0009633870003939687,0.0042933642722005234,0
2023-11-03,Max Sharpe,0.003631759089035373,0.0042933642722005234,0
2023-11-06,Max Sharpe,0.0011339787365496725,0.0042933642722005234,0
2023-11-07,Max Sharpe,-0.00042467887281322675,0.0042933642722005234,0
2023-11-08,Max Sharpe,0.0026826186624382044,0.0042933642722005234,0
2023-11-09,Max Sharpe,-0.0031107388437904603,0.0042933642722005234,0
2023-11-10,Max Sharpe,0.00033002127223225,0.0042933642722005234,0
2023-11-13,Max Sharpe,-0.0004017340470630332,0.004179675704025613,0
2023-11-14,Max Sharpe,0.004428277751295862,0.004179675704025613,1
2023-11-15,Max Sharpe,-0.0024762596121817894,0.0042933642722005234,0
2023-11-16,Max Sharpe,-0.0011672069703294178,0.0042933642722005234,0
2023-11-17,Max Sharpe,0.0011953633972032703,0.0042933642722005234,0
2023-11-20,Max Sharpe,0.00024470614357322083,0.0042933642722005234,0
2023-11-21,Max Sharpe,-0.0017192295478653367,0.0042933642722005234,0
2023-11-22,Max Sharpe,-0.002188354299476899,0.0042933642722005234,0
2023-11-24,Max Sharpe,0.001102213352640905,0.0042933642722005234,0
2023-11-27,Max Sharpe,0.00039957609678669705,0.0042933642722005234,0
2023-11-28,Max Sharpe,-0.0018328871835370498,0.0042933642722005234,0
2023-11-29,Max Sharpe,-0.0015035769069785185,0.0042933642722005234,0
2023-11-30,Max Sharpe,-0.002640739977541322,0.0042933642722005234,0
2023-12-01,Max Sharpe,-0.0035932619389654305,0.0042933642722005234,0
2023-12-04,Max Sharpe,0.0018466835184493906,0.0042933642722005234,0
2023-12-05,Max Sharpe,-0.001966356353223161,0.0042933642722005234,0
2023-12-06,Max Sharpe,-0.001023313361674229,0.0042933642722005234,0
2023-12-07,Max Sharpe,0.0019310037983590509,0.0042933642722005234,0
2023-12-08,Max Sharpe,-0.00047236342803258816,0.0042933642722005234,0
2023-12-11,Max Sharpe,0.002521029057848326,0.0042933642722005234,0
2023-12-12,Max Sharpe,0.0017981895988298192,0.0042933642722005234,0
2023-12-13,Max Sharpe,-0.003388028213953854,0.0042933642722005234,0
2023-12-14,Max Sharpe,0.002530143661659151,0.0042933642722005234,0
2023-12-15,Max Sharpe,-0.0004920050312378168,0.0042933642722005234,0
2023-12-18,Max Sharpe,-0.0020962769173303,0.0042933642722005234,0
2023-12-19,Max Sharpe,-0.00021507875636766962,0.0042933642722005234,0
2023-12-20,Max Sharpe,-6.46528553090572e-05,0.0042933642722005234,0
2023-12-21,Max Sharpe,0.0003585734473023814,0.0042933642722005234,0
2023-12-22,Max Sharpe,-0.0009227621635108238,0.0042933642722005234,0
2023-12-26,Max Sharpe,-0.0008345187628857722,0.0042933642722005234,0
2023-12-27,Max Sharpe,0.001305998196337716,0.0042933642722005234,0
2023-12-28,Max Sharpe,0.0004578108093373259,0.0042933642722005234,0
2023-12-29,Max Sharpe,-3.1119195491212436e-05,0.0042933642722005234,0
2024-01-02,Max Sharpe,-0.004167571186972174,0.0042933642722005234,0
2024-01-03,Max Sharpe,0.0013613108019328941,0.0042933642722005234,0
2024-01-04,Max Sharpe,-0.00039224994349707697,0.0042933642722005234,0
2024-01-05,Max Sharpe,-0.000564217008719869,0.0042933642722005234,0
2024-01-08,Max Sharpe,0.00038662653842557685,0.0042933642722005234,0
2024-01-09,Max Sharpe,-0.0013068585551281725,0.0042933642722005234,0
2024-01-10,Max Sharpe,0.0007777218612167069,0.0042933642722005234,0
2024-01-11,Max Sharpe,-0.0011458461473051408,0.0042933642722005234,0
2024-01-12,Max Sharpe,-0.001632797106855639,0.0042933642722005234,0
2024-01-16,Max Sharpe,-0.00135492738874852,0.0042933642722005234,0
2024-01-17,Max Sharpe,0.003079260573504562,0.0042933642722005234,0
2024-01-18,Max Sharpe,-0.003297342601270326,0.0042933642722005234,0
2024-01-19,Max Sharpe,-0.0011683305830175706,0.0042933642722005234,0
2024-01-22,Max Sharpe,0.0010201240302592533,0.0042933642722005234,0
2024-01-23,Max Sharpe,-0.0025123756627454283,0.0042933642722005234,0
2024-01-24,Max Sharpe,0.0026439567273523704,0.0042933642722005234,0
2024-01-25,Max Sharpe,-0.0037126962351556685,0.0042933642722005234,0
2024-01-26,Max Sharpe,-0.0011129928204569569,0.0042933642722005234,0
2024-01-29,Max Sharpe,-0.003055272881183839,0.0042933642722005234,0
2024-01-30,Max Sharpe,0.00012786012777794067,0.0042933642722005234,0
2024-01-31,Max Sharpe,0.0011150466430483405,0.0042933642722005234,0
2024-02-01,Max Sharpe,-0.0009040183670118482,0.0042933642722005234,0
2024-02-02,Max Sharpe,-0.0029487635526596685,0.0042933642722005234,0
2024-02-05,Max Sharpe,-0.0010182292672686966,0.0042933642722005234,0
2024-02-06,Max Sharpe,-0.0006054315085603647,0.0042933642722005234,0
2024-02-07,Max Sharpe,-0.0007285935806373595,0.0042933642722005234,0
2024-02-08,Max Sharpe,-0.0013356738754469757,0.0042933642722005234,0
2024-02-09,Max Sharpe,-0.00025456244201451094,0.004179675704025613,0
2024-02-12,Max Sharpe,-0.0013991288259058339,0.004179675704025613,0
2024-02-13,Max Sharpe,0.0007883157368559119,0.004179675704025613,0
2024-02-14,Max Sharpe,-0.000853933267098975,0.004179675704025613,0
2024-02-15,Max Sharpe,-0.0009455869953953384,0.004179675704025613,0
2024-02-16,Max Sharpe,-0.0008490306548321122,0.004179675704025613,0
2024-02-20,Max Sharpe,-8.551531921782509e-05,0.004179675704025613,0
2024-02-21,Max Sharpe,0.0004786388898437026,0.004179675704025613,0
2024-02-22,Max Sharpe,-0.002444469429442856,0.004179675704025613,0
2024-02-23,Max Sharpe,-0.0011419230957567048,0.004179675704025613,0
2024-02-26,Max Sharpe,0.00026464221572421306,0.004179675704025613,0
2024-02-27,Max Sharpe,-0.0016954131053315451,0.004179675704025613,0
2024-02-28,Max Sharpe,-0.0021537739581327575,0.004179675704025613,0
2024-02-29,Max Sharpe,-0.0023468042635848025,0.004179675704025613,0
2024-03-01,Max Sharpe,-0.00545765643504104,0.004179675704025613,0
2024-03-04,Max Sharpe,-0.004858404769298172,0.004179675704025613,0
2024-03-05,Max Sharpe,0.0017143545822765247,0.004179675704025613,0
2024-03-06,Max Sharpe,-0.0018745430818979938,0.004179675704025613,0
2024-03-07,Max Sharpe,-0.00014246460575289763,0.004179675704025613,0
2024-03-08,Max Sharpe,-0.0015571718329177307,0.004179675704025613,0
2024-03-11,Max Sharpe,-0.001822473115648044,0.004179675704025613,0
2024-03-12,Max Sharpe,0.0009695149277623432,0.004179675704025613,0
2024-03-13,Max Sharpe,-0.0017196856911736668,0.004179675704025613,0
2024-03-14,Max Sharpe,-0.0013135125237297499,0.004179675704025613,0
2024-03-15,Max Sharpe,0.0012394361053652812,0.004179675704025613,0
2024-03-18,Max Sharpe,-0.0019611739768640056,0.004179675704025613,0
2024-03-19,Max Sharpe,-0.00016633365374232753,0.004179675704025613,0
2024-03-20,Max Sharpe,-0.002948367371233015,0.004179675704025613,0
2024-03-21,Max Sharpe,-0.0030997523557564207,0.004179675704025613,0
2024-03-22,Max Sharpe,-0.0004720902930089268,0.004179675704025613,0
2024-03-25,Max Sharpe,-0.0010321196331969326,0.004179675704025613,0
2024-03-26,Max Sharpe,-0.0009029043701570193,0.004179675704025613,0
2024-03-27,Max Sharpe,-0.003106156410591321,0.004179675704025613,0
2024-03-28,Max Sharpe,-0.005015531890336807,0.004179675704025613,0
2024-04-01,Max Sharpe,-0.0038645195394994628,0.004179675704025613,0
2024-04-02,Max Sharpe,-0.0004813559040459858,0.004179675704025613,0
2024-04-03,Max Sharpe,-4.212328920404117e-07,0.004179675704025613,0
2024-04-04,Max Sharpe,0.001782854948501915,0.004179675704025613,0
2024-04-05,Max Sharpe,-0.005216160008977346,0.004179675704025613,0
2024-04-08,Max Sharpe,-0.0019399442663497587,0.004179675704025613,0
2024-04-09,Max Sharpe,-0.0002146579488515557,0.004179675704025613,0
2024-04-10,Max Sharpe,-0.0027430285361548425,0.004179675704025613,0
2024-04-11,Max Sharpe,-0.005156943644025033,0.004179675704025613,0
2024-04-12,Max Sharpe,0.0012822269023350969,0.004179675704025613,0
2024-04-15,Max Sharpe,-0.0025012141694236044,0.004179675704025613,0
2024-04-16,Max Sharpe,-0.00033972790199522564,0.004179675704025613,0
2024-04-17,Max Sharpe,0.005276225779815915,0.004179675704025613,1
2024-04-18,Max Sharpe,-0.002277135782763008,0.0042933642722005234,0
2024-04-19,Max Sharpe,-9.051115658311468e-05,0.0042933642722005234,0
2024-04-22,Max Sharpe,0.0029553372884934368,0.0042933642722005234,0
2024-04-23,Max Sharpe,0.0010920401197301295,0.0042933642722005234,0
2024-04-24,Max Sharpe,0.0007851204389094683,0.0042933642722005234,0
2024-04-25,Max Sharpe,0.00025117045614436907,0.004273883976155523,0
2024-04-26,Max Sharpe,-0.004409985890261659,0.004273883976155523,0
2024-04-29,Max Sharpe,0.00185384773637643,0.004273883976155523,0
2024-04-30,Max Sharpe,0.00443415501039897,0.004273883976155523,1
2024-05-01,Max Sharpe,0.0004018073376253044,0.004406521923281091,0
2024-05-02,Max Sharpe,0.003110734247876462,0.004406521923281091,0
2024-05-03,Max Sharpe,-0.001007472806132633,0.004406521923281091,0
2024-05-06,Max Sharpe,-0.00449092948770264,0.004406521923281091,0
2024-05-07,Max Sharpe,-0.0005210859174711442,0.004406521923281091,0
2024-05-08,Max Sharpe,0.00016427568713149864,0.004406521923281091,0
2024-05-09,Max Sharpe,-0.0031523864602965926,0.004406521923281091,0
2024-05-10,Max Sharpe,-0.0016774314901757022,0.004406521923281091,0
2024-05-13,Max Sharpe,0.0017610614693395028,0.004406521923281091,0
2024-05-14,Max Sharpe,-0.000839803447744524,0.004406521923281091,0
2024-05-15,Max Sharpe,-0.0027180576014515373,0.004406521923281091,0
2024-05-16,Max Sharpe,0.00017869622587016025,0.004406521923281091,0
2024-05-17,Max Sharpe,-0.004661875491730587,0.004406521923281091,0
2024-05-20,Max Sharpe,-0.003054736323893132,0.004406521923281091,0
2024-05-21,Max Sharpe,0.0006998245133064861,0.004406521923281091,0
2024-05-22,Max Sharpe,0.003765319990590896,0.004406521923281091,0
2024-05-23,Max Sharpe,0.004747823331781661,0.004406521923281091,1
2024-05-24,Max Sharpe,9.125296828277948e-05,0.004431275153438447,0
2024-05-28,Max Sharpe,-0.0020108938502962676,0.004431275153438447,0
2024-05-29,Max Sharpe,0.0009725948463683255,0.004431275153438447,0
2024-05-30,Max Sharpe,0.0014440323255586203,0.004431275153438447,0
2024-05-31,Max Sharpe,0.0007641863678749903,0.004431275153438447,0
2024-06-03,Max Sharpe,0.00115320248371196,0.004431275153438447,0
2024-06-04,Max Sharpe,0.0013992723118118828,0.004431275153438447,0
2024-06-05,Max Sharpe,-0.005288954935116191,0.004431275153438447,0
2024-06-06,Max Sharpe,-0.0013050416937060675,0.004431275153438447,0
2024-06-07,Max Sharpe,0.004601551605331,0.004431275153438447,1
2024-06-10,Max Sharpe,-0.004353917255145316,0.004519527273814304,0
2024-06-11,Max Sharpe,-0.0004588510186106272,0.004519527273814304,0
2024-06-12,Max Sharpe,0.00012896664250190075,0.004519527273814304,0
2024-06-13,Max Sharpe,0.0006594966826327729,0.004519527273814304,0
2024-06-14,Max Sharpe,-0.004771808723398728,0.004519527273814304,0
2024-06-17,Max Sharpe,0.0011081032340208806,0.004519527273814304,0
2024-06-18,Max Sharpe,-0.0010343046458002323,0.004519527273814304,0
2024-06-20,Max Sharpe,-0.004973566084235369,0.004519527273814304,0
2024-06-21,Max Sharpe,0.0030145155269460304,0.004519527273814304,0
2024-06-24,Max Sharpe,0.001904313559319148,0.004519527273814304,0
2024-06-25,Max Sharpe,-0.00025293814277241766,0.004519527273814304,0
2024-06-26,Max Sharpe,5.943326839873977e-05,0.004519527273814304,0
2024-06-27,Max Sharpe,-0.0025023429321043315,0.004519527273814304,0
2024-06-28,Max Sharpe,0.0008982323722992152,0.004519527273814304,0
2024-07-01,Max Sharpe,-0.0022831010812752665,0.004519527273814304,0
2024-07-02,Max Sharpe,0.00034151718378459123,0.004519527273814304,0
2024-07-03,Max Sharpe,-0.0006892071685339659,0.004519527273814304,0
2024-07-05,Max Sharpe,-0.0007404180375103433,0.004519527273814304,0
2024-07-08,Max Sharpe,0.0021663700704290943,0.004519527273814304,0
2024-07-09,Max Sharpe,-0.0012929184270892649,0.004519527273814304,0
2024-07-10,Max Sharpe,-0.0019881213957726406,0.004519527273814304,0
2024-07-11,Max Sharpe,-0.00038650288657785035,0.004519527273814304,0
2024-07-12,Max Sharpe,0.0009227884126453217,0.004519527273814304,0
2024-07-15,Max Sharpe,-0.0036438301421523674,0.004519527273814304,0
2024-07-16,Max Sharpe,-0.00506763441818297,0.004519527273814304,0
2024-07-17,Max Sharpe,0.0050676495859621395,0.004519527273814304,1
2024-07-18,Max Sharpe,0.0003508532762745768,0.004676150185820836,0
2024-07-19,Max Sharpe,0.0030637522128841976,0.004676150185820836,0
2024-07-22,Max Sharpe,-0.0013025156734627922,0.004676150185820836,0
2024-07-23,Max Sharpe,-0.0005416080563039754,0.004676150185820836,0
2024-07-24,Max Sharpe,0.003926569734453633,0.004676150185820836,0
2024-07-25,Max Sharpe,0.0039365563377121325,0.004676150185820836,0
2024-07-26,Max Sharpe,-0.003987559150446348,0.004676150185820836,0
2024-07-29,Max Sharpe,-0.0005474538554312209,0.004676150185820836,0
2024-07-30,Max Sharpe,-0.0019079184867214086,0.004676150185820836,0
2024-07-31,Max Sharpe,-0.003498790519348323,0.004676150185820836,0
2024-08-01,Max Sharpe,0.0016031341900720306,0.004676150185820836,0
2024-08-02,Max Sharpe,0.010651724366686289,0.004676150185820836,1
2024-08-05,Max Sharpe,0.01259062845663644,0.004910934721413702,1
2024-08-06,Max Sharpe,-0.0013457175891931211,0.005174023444827563,0
2024-08-07,Max Sharpe,-0.0009181644622311624,0.005174023444827563,0
2024-08-08,Max Sharpe,-0.009707245361496853,0.005174023444827563,0
2024-08-09,Max Sharpe,-0.0005975531659813888,0.005174023444827563,0
2024-08-12,Max Sharpe,-0.003945608590203703,0.005174023444827563,0
2024-08-13,Max Sharpe,0.0007120372258688588,0.005174023444827563,0
2024-08-14,Max Sharpe,0.001573753298653095,0.005174023444827563,0
2024-08-15,Max Sharpe,-0.004629432338688356,0.005174023444827563,0
2024-08-16,Max Sharpe,-0.0028102862071787966,0.005174023444827563,0
2024-08-19,Max Sharpe,0.002196560166117356,0.005174023444827563,0
2024-08-20,Max Sharpe,0.0018105497912339218,0.005174023444827563,0
2024-08-21,Max Sharpe,0.0009106770390145447,0.005174023444827563,0
2024-08-22,Max Sharpe,0.0010941857335537,0.005174023444827563,0
2024-08-23,Max Sharpe,-0.0014284358693275124,0.005174023444827563,0
2024-08-26,Max Sharpe,-0.0016948451894729965,0.005174023444827563,0
2024-08-27,Max Sharpe,0.0023768093302073585,0.005174023444827563,0
2024-08-28,Max Sharpe,-0.0005397285742975875,0.005174023444827563,0
2024-08-29,Max Sharpe,-0.003854308940190266,0.005174023444827563,0
2024-08-30,Max Sharpe,-0.00014545248086236297,0.005174023444827563,0
2024-09-03,Max Sharpe,0.004111666406793653,0.005174023444827563,0
2024-09-04,Max Sharpe,0.0032767220438481193,0.005174023444827563,0
2024-09-05,Max Sharpe,-0.00035254685029308694,0.005174023444827563,0
2024-09-06,Max Sharpe,0.0044842057431664,0.005174023444827563,0
2024-09-09,Max Sharpe,-0.00617522363067496,0.005174023444827563,0
2024-09-10,Max Sharpe,-0.0008521275387122667,0.005174023444827563,0
2024-09-11,Max Sharpe,-0.0016571988922181886,0.005174023444827563,0
2024-09-12,Max Sharpe,-0.0034917461494827513,0.005174023444827563,0
2024-09-13,Max Sharpe,-0.002844731037234801,0.005174023444827563,0
2024-09-16,Max Sharpe,0.0017092796827175036,0.005174023444827563,0
2024-09-17,Max Sharpe,-0.0013069941537220196,0.005174023444827563,0
2024-09-18,Max Sharpe,0.0014863070234933816,0.005174023444827563,0
2024-09-19,Max Sharpe,-0.0045809244489760734,0.005174023444827563,0
2024-09-20,Max Sharpe,-0.0032737341251179294,0.005174023444827563,0
2024-09-23,Max Sharpe,-0.00150040957390795,0.005174023444827563,0
2024-09-24,Max Sharpe,-0.0010180302632409783,0.005174023444827563,0
2024-09-25,Max Sharpe,-0.002090087208165777,0.005174023444827563,0
2024-09-26,Max Sharpe,7.099022620519406e-05,0.005174023444827563,0
2024-09-27,Max Sharpe,0.001797047716169646,0.005174023444827563,0
2024-09-30,Max Sharpe,0.00029659444606909395,0.005174023444827563,0
2024-10-01,Max Sharpe,-0.0034798971974353476,0.005174023444827563,0
2024-10-02,Max Sharpe,-0.002481591403590317,0.005174023444827563,0
2024-10-03,Max Sharpe,-0.0017513040851320227,0.005174023444827563,0
2024-10-04,Max Sharpe,-0.004396050383045694,0.005174023444827563,0
2024-10-07,Max Sharpe,0.0007299693217118375,0.005174023444827563,0
2024-10-08,Max Sharpe,0.0018230345934883315,0.005174023444827563,0
2024-10-09,Max Sharpe,-0.0013092665866175322,0.005174023444827563,0
2024-10-10,Max Sharpe,-0.001768408698456311,0.005174023444827563,0
2024-10-11,Max Sharpe,-0.004255250890593519,0.005174023444827563,0
2024-10-14,Max Sharpe,-0.003024033261505587,0.005174023444827563,0
2024-10-15,Max Sharpe,0.0009382118548840621,0.005174023444827563,0
2024-10-16,Max Sharpe,-0.00334655106579537,0.005174023444827563,0
2024-10-17,Max Sharpe,-0.002984363515087146,0.005174023444827563,0
2024-10-18,Max Sharpe,-0.0013951793840569187,0.005174023444827563,0
2024-10-21,Max Sharpe,-0.0014805560587411444,0.005174023444827563,0
2024-10-22,Max Sharpe,-0.0031029148748775593,0.005174023444827563,0
2024-10-23,Max Sharpe,0.0025525435218598917,0.005174023444827563,0
2024-10-24,Max Sharpe,-0.0004745927134112971,0.005174023444827563,0
2024-10-25,Max Sharpe,-0.002039568389661892,0.005174023444827563,0
2024-10-28,Max Sharpe,-0.000577696033978172,0.005174023444827563,0
2024-10-29,Max Sharpe,-0.003139503495408654,0.005174023444827563,0
2024-10-30,Max Sharpe,0.00040636617481227665,0.005174023444827563,0
2024-10-31,Max Sharpe,0.00608384924596499,0.005174023444827563,1
2024-11-01,Max Sharpe,-0.0013076030451517463,0.005688113747551936,0
2024-11-04,Max Sharpe,0.001704409179667973,0.005688113747551936,0
2024-11-05,Max Sharpe,-0.00039965675364649414,0.005688113747551936,0
2024-11-06,Max Sharpe,-0.005237336457671887,0.005688113747551936,0
2024-11-07,Max Sharpe,-0.0006731601270737473,0.005688113747551936,0
2024-11-08,Max Sharpe,-0.0018210670981474186,0.005688113747551936,0
2024-11-11,Max Sharpe,-0.0004508560623439691,0.005688113747551936,0
2024-11-12,Max Sharpe,0.0011286017241488202,0.005688113747551936,0
2024-11-13,Max Sharpe,-0.0012765075981513018,0.005688113747551936,0
2024-11-14,Max Sharpe,-0.0006674213094928418,0.005688113747551936,0
2024-11-15,Max Sharpe,0.0018801530652155112,0.005688113747551936,0
2024-11-18,Max Sharpe,-0.002565780298095468,0.005688113747551936,0
2024-11-19,Max Sharpe,-0.002547170356497459,0.005688113747551936,0
2024-11-20,Max Sharpe,-0.004313407544476444,0.005688113747551936,0
2024-11-21,Max Sharpe,-0.005436726375689375,0.005688113747551936,0
2024-11-22,Max Sharpe,-0.006791480433758777,0.005688113747551936,0
2024-11-25,Max Sharpe,0.011693222531930184,0.005688113747551936,1
2024-11-26,Max Sharpe,-0.00089782940099754,0.00841346555753281,0
2024-11-27,Max Sharpe,0.0035005008432785396,0.00841346555753281,0
2024-11-29,Max Sharpe,-0.002614900292014035,0.00841346555753281,0
2024-12-02,Max Sharpe,-0.0013448781818094808,0.00841346555753281,0
2024-12-03,Max Sharpe,-0.0011514543482573137,0.00841346555753281,0
2024-12-04,Max Sharpe,-0.0013979484778654612,0.00841346555753281,0
2024-12-05,Max Sharpe,0.00517787908864861,0.00841346555753281,0
2024-12-06,Max Sharpe,-0.0021479461619768347,0.00841346555753281,0
2024-12-09,Max Sharpe,-0.0023793874247133636,0.00841346555753281,0
2024-12-10,Max Sharpe,-0.003355217614276094,0.00841346555753281,0
2024-12-11,Max Sharpe,-0.006472400253523134,0.00841346555753281,0
2024-12-12,Max Sharpe,0.0026818604111347975,0.00841346555753281,0
2024-12-13,Max Sharpe,0.0022164755578411594,0.00841346555753281,0
2024-12-16,Max Sharpe,-0.0005507657967366013,0.00841346555753281,0
2024-12-17,Max Sharpe,0.000822678433627193,0.00841346555753281,0
2024-12-18,Max Sharpe,0.0032347002022052747,0.00841346555753281,0
2024-12-19,Max Sharpe,-0.0005191825124317003,0.00841346555753281,0
2024-12-20,Max Sharpe,-0.0006429274576463217,0.00841346555753281,0
2024-12-23,Max Sharpe,-0.0012268843559447482,0.00841346555753281,0
2024-12-24,Max Sharpe,-0.004242496342431104,0.00841346555753281,0
2024-12-26,Max Sharpe,0.00014972927769970853,0.00841346555753281,0
2024-12-27,Max Sharpe,0.003744958331617027,0.00841346555753281,0
2024-12-30,Max Sharpe,0.0014702792499274703,0.00841346555753281,0
2024-12-31,Max Sharpe,-0.003937605150641844,0.00841346555753281,0
2025-01-02,Max Sharpe,-0.008582805768785997,0.00841346555753281,0
2025-01-03,Max Sharpe,0.0016911148513991108,0.00841346555753281,0
2025-01-06,Max Sharpe,0.0023642629946197466,0.00841346555753281,0
2025-01-07,Max Sharpe,-0.0014515177564926364,0.00841346555753281,0
2025-01-08,Max Sharpe,-0.00275864192514874,0.00841346555753281,0
2025-01-10,Max Sharpe,-0.003531729951987807,0.00841346555753281,0
2025-01-13,Max Sharpe,0.00018301249479197248,0.00841346555753281,0
2025-01-14,Max Sharpe,0.001888439986442168,0.00841346555753281,0
2025-01-15,Max Sharpe,-0.0046773864865174465,0.00841346555753281,0
2025-01-16,Max Sharpe,-0.0011772214068336247,0.00841346555753281,0
2025-01-17,Max Sharpe,-0.002899092554085914,0.00841346555753281,0
2025-01-21,Max Sharpe,0.0020221288037677526,0.00841346555753281,0
2025-01-22,Max Sharpe,-0.001766597146337031,0.00841346555753281,0
2025-01-23,Max Sharpe,-0.00012984797488304288,0.00841346555753281,0
2025-01-24,Max Sharpe,0.001804067445360475,0.00841346555753281,0
2025-01-27,Max Sharpe,0.004230946202316216,0.00841346555753281,0
2025-01-28,Max Sharpe,-0.005028931810865771,0.00841346555753281,0
2025-01-29,Max Sharpe,-7.814431524667137e-05,0.00841346555753281,0
2025-01-30,Max Sharpe,-0.004646225219551324,0.00841346555753281,0
2025-01-31,Max Sharpe,-0.001351316983650547,0.00841346555753281,0
2025-02-03,Max Sharpe,-0.002247157651214903,0.00841346555753281,0
2025-02-04,Max Sharpe,0.00263517893098689,0.00841346555753281,0
2025-02-05,Max Sharpe,-0.0007636353043883729,0.00841346555753281,0
2025-02-06,Max Sharpe,0.0006298870558469352,0.00841346555753281,0
2025-02-07,Max Sharpe,-0.0016332241587777357,0.00841346555753281,0
2025-02-10,Max Sharpe,-0.007069880454407977,0.00841346555753281,0
2025-02-11,Max Sharpe,0.0026024352327957538,0.00841346555753281,0
2025-02-12,Max Sharpe,-0.000365431125564931,0.00841346555753281,0
2025-02-13,Max Sharpe,0.0010463079636254867,0.00841346555753281,0
2025-02-14,Max Sharpe,0.004731630525718919,0.00841346555753281,0
2025-02-18,Max Sharpe,-0.005306953105072334,0.00841346555753281,0
2025-02-19,Max Sharpe,-0.0007246999235665767,0.00841346555753281,0
2025-02-20,Max Sharpe,0.004064833050451487,0.00841346555753281,0
2025-02-21,Max Sharpe,0.0011332488643590404,0.00841346555753281,0
2025-02-24,Max Sharpe,-0.0003619593200688276,0.00841346555753281,0
2025-02-25,Max Sharpe,0.006044328397502332,0.00841346555753281,0
2025-02-26,Max Sharpe,-0.0005770690243402456,0.00841346555753281,0
2025-02-27,Max Sharpe,0.000894433281426508,0.00841346555753281,0
2025-02-28,Max Sharpe,-0.0026174953827836286,0.00841346555753281,0
2025-03-03,Max Sharpe,0.003623401157370776,0.00841346555753281,0
2025-03-04,Max Sharpe,0.00409600554928637,0.00841346555753281,0
2025-03-05,Max Sharpe,0.004152600109433271,0.00841346555753281,0
2025-03-06,Max Sharpe,0.003970312303835021,0.00841346555753281,0
2025-03-07,Max Sharpe,0.0011329956845717063,0.00841346555753281,0
2025-03-10,Max Sharpe,0.007541300863325244,0.00841346555753281,0
2025-03-11,Max Sharpe,0.0004456125536462473,0.009127616850039348,0
2025-03-12,Max Sharpe,-0.003794026326915082,0.009127616850039348,0
2025-03-13,Max Sharpe,-0.0034550592124350764,0.009127616850039348,0
2025-03-14,Max Sharpe,-0.003176279133267655,0.009127616850039348,0
2025-03-17,Max Sharpe,-0.00044277876558820764,0.009127616850039348,0
2025-03-18,Max Sharpe,-0.0007768727204428517,0.009127616850039348,0
2025-03-19,Max Sharpe,-0.004606029824948319,0.009127616850039348,0
2025-03-20,Max Sharpe,-0.00033208525705990166,0.009127616850039348,0
2025-03-21,Max Sharpe,0.0003272381742079991,0.009127616850039348,0
2025-03-24,Max Sharpe,-0.002614649217088984,0.009127616850039348,0
2025-03-25,Max Sharpe,-0.0008780334373211191,0.009127616850039348,0
2025-03-26,Max Sharpe,-0.0006198902373804988,0.009127616850039348,0
2025-03-27,Max Sharpe,-0.0010911099201093512,0.009127616850039348,0
2025-03-28,Max Sharpe,0.0024028542107855555,0.009127616850039348,0
2025-03-31,Max Sharpe,-0.004173261077721506,0.009127616850039348,0
2025-04-01,Max Sharpe,-0.001127335612269428,0.009127616850039348,0
2025-04-02,Max Sharpe,0.00171830296371936,0.009127616850039348,0
2025-04-03,Max Sharpe,0.01853926436685985,0.009127616850039348,1
2025-04-04,Max Sharpe,0.0090972177801272,0.011182888430960665,0
2025-04-07,Max Sharpe,0.006002248569230901,0.011182888430960665,0
2025-04-08,Max Sharpe,0.004872375302424041,0.011182888430960665,0
2025-04-09,Max Sharpe,-0.025013835802140595,0.011182888430960665,0
2025-04-10,Max Sharpe,0.013570830356408362,0.011182888430960665,1
2025-04-11,Max Sharpe,-0.0032013815655846578,0.012150899553530365,0
2025-04-14,Max Sharpe,0.001274028844629983,0.012150899553530365,0
2025-04-15,Max Sharpe,-0.004383962985533991,0.012150899553530365,0
2025-04-16,Max Sharpe,-0.0006528362608629623,0.012150899553530365,0
2025-04-17,Max Sharpe,-0.0008702386956342047,0.012150899553530365,0
2025-04-21,Max Sharpe,0.0009978337930973953,0.012150899553530365,0
2025-04-22,Max Sharpe,-0.0049987901665173185,0.012150899553530365,0
2025-04-23,Max Sharpe,-0.0011857124087571833,0.012150899553530365,0
2025-04-24,Max Sharpe,-0.003607322211815793,0.012150899553530365,0
2025-04-25,Max Sharpe,-0.0003574609290964057,0.012150899553530365,0
2025-04-28,Max Sharpe,0.0003329999014809338,0.012150899553530365,0
2025-04-29,Max Sharpe,0.0003135542222914656,0.012150899553530365,0
2025-04-30,Max Sharpe,0.00043714854189117006,0.012150899553530365,0
2025-05-01,Max Sharpe,0.00013130116945582124,0.012150899553530365,0
2025-05-02,Max Sharpe,-0.001768187394776668,0.012150899553530365,0
2025-05-05,Max Sharpe,-0.004053209748888919,0.012150899553530365,0
2025-05-06,Max Sharpe,-0.002965075112108656,0.012150899553530365,0
2025-05-07,Max Sharpe,-0.0007582072345339455,0.012150899553530365,0
2025-05-08,Max Sharpe,-0.002635009478014894,0.012150899553530365,0
2025-05-09,Max Sharpe,-0.00036141282047921005,0.012150899553530365,0
2025-05-12,Max Sharpe,-0.005115398740179199,0.012150899553530365,0
2025-05-13,Max Sharpe,0.002469196552515749,0.012150899553530365,0
2025-05-14,Max Sharpe,0.0041134768411955755,0.012150899553530365,0
2025-05-15,Max Sharpe,-0.0029166184601985452,0.012150899553530365,0
2025-05-16,Max Sharpe,0.00022462881169263557,0.012150899553530365,0
2025-05-19,Max Sharpe,-6.14738628045208e-05,0.012150899553530365,0
2025-05-20,Max Sharpe,-0.0026256872306228123,0.012150899553530365,0
2025-05-21,Max Sharpe,0.002682912297422921,0.012150899553530365,0
2025-05-22,Max Sharpe,-1.7415124355137687e-05,0.012150899553530365,0
2025-05-23,Max Sharpe,0.00044147511913425545,0.012150899553530365,0
2025-05-27,Max Sharpe,-0.0022181936862662147,0.012150899553530365,0
2025-05-28,Max Sharpe,-0.00014695019188449947,0.012150899553530365,0
2025-05-29,Max Sharpe,0.0017802122521298315,0.012150899553530365,0
2025-05-30,Max Sharpe,0.001972656318375169,0.012150899553530365,0
2025-06-02,Max Sharpe,-0.003953145796108084,0.012150899553530365,0
2025-06-03,Max Sharpe,-0.0019159477121418018,0.012150899553530365,0
2025-06-04,Max Sharpe,0.0010392411042904027,0.012150899553530365,0
2025-06-05,Max Sharpe,0.0025062422229298427,0.012150899553530365,0
2025-06-06,Max Sharpe,-0.0019111058951914264,0.012150899553530365,0
2025-06-09,Max Sharpe,-0.001013777309375007,0.012150899553530365,0
2025-06-10,Max Sharpe,-0.0011731399067218418,0.012150899553530365,0
2025-06-11,Max Sharpe,0.0005642709516848375,0.012150899553530365,0
2025-06-12,Max Sharpe,0.0010753922436243651,0.012150899553530365,0
2025-06-13,Max Sharpe,-0.003989952583403461,0.012150899553530365,0
2025-06-16,Max Sharpe,0.0018467706553975478,0.012150899553530365,0
2025-06-17,Max Sharpe,-0.0030847050519265656,0.012150899553530365,0
2025-06-18,Max Sharpe,6.335654458520403e-06,0.012150899553530365,0
2025-06-20,Max Sharpe,0.0015044945180148843,0.012150899553530365,0
2025-06-23,Max Sharpe,0.0016326113803160998,0.012150899553530365,0
2025-06-24,Max Sharpe,0.0056261649760175675,0.012150899553530365,0
2025-06-25,Max Sharpe,0.000746190110270133,0.012150899553530365,0
2025-06-26,Max Sharpe,0.0012206576901429523,0.012150899553530365,0
2025-06-27,Max Sharpe,0.0021604969543217952,0.012150899553530365,0
2025-06-30,Max Sharpe,-0.00016628345342660223,0.012150899553530365,0
2025-07-01,Max Sharpe,-0.0016190293603045153,0.012150899553530365,0
2025-07-02,Max Sharpe,-0.002409958658302446,0.012150899553530365,0
2025-07-03,Max Sharpe,-0.001952442953890343,0.012150899553530365,0
2025-07-07,Max Sharpe,-0.0008206515184487294,0.012150899553530365,0
2025-07-08,Max Sharpe,0.001349498962487641,0.012150899553530365,0
2025-07-09,Max Sharpe,-0.0024641062997989276,0.012150899553530365,0
2025-07-10,Max Sharpe,-0.002179952801816945,0.012150899553530365,0
2025-07-11,Max Sharpe,-0.003650195013042178,0.012150899553530365,0
2025-07-14,Max Sharpe,-0.0007694674406564261,0.012150899553530365,0
2025-07-15,Max Sharpe,-0.0007539836208214944,0.012150899553530365,0
2025-07-16,Max Sharpe,0.000304452693909,0.012150899553530365,0
2025-07-17,Max Sharpe,-0.003121218011656978,0.012150899553530365,0
2025-07-18,Max Sharpe,0.000732925879718486,0.012150899553530365,0
2025-07-21,Max Sharpe,6.372309071211275e-05,0.012150899553530365,0
2025-07-22,Max Sharpe,0.0001379145344444938,0.012150899553530365,0
2025-07-23,Max Sharpe,0.0017842546015221193,0.012150899553530365,0
2025-07-24,Max Sharpe,0.00012726920373909748,0.012150899553530365,0
2025-07-25,Max Sharpe,0.0008991961242501344,0.012150899553530365,0
2025-07-28,Max Sharpe,-0.0048165486662219235,0.012150899553530365,0
2025-07-29,Max Sharpe,-0.002554043216494533,0.012150899553530365,0
2025-07-30,Max Sharpe,-0.0014705450461588256,0.012150899553530365,0
2025-07-31,Max Sharpe,-0.0010519386578605743,0.012150899553530365,0
2025-08-01,Max Sharpe,0.004821068874402635,0.012150899553530365,0
2025-08-04,Max Sharpe,-0.003109730643241727,0.012150899553530365,0
2025-08-05,Max Sharpe,0.0007263386825043618,0.012150899553530365,0
2025-08-06,Max Sharpe,0.0029889125333771166,0.010421180203546699,0
2025-08-07,Max Sharpe,-0.0021740318198235397,0.010421180203546699,0
2025-08-08,Max Sharpe,-0.0017873263483211012,0.010421180203546699,0
2025-08-11,Max Sharpe,0.0007959423223226874,0.010421180203546699,0
2025-08-12,Max Sharpe,0.0015189849980875604,0.010421180203546699,0
2025-08-13,Max Sharpe,-0.0003203210097959188,0.010421180203546699,0
2025-08-14,Max Sharpe,-0.00016846328518373239,0.010421180203546699,0
2025-08-15,Max Sharpe,0.00210338360360968,0.010421180203546699,0
2025-08-18,Max Sharpe,-0.000919441891156901,0.010421180203546699,0
2025-08-19,Max Sharpe,0.0010493992150086644,0.010421180203546699,0
2025-08-20,Max Sharpe,-0.002398627124927566,0.010421180203546699,0
2025-08-21,Max Sharpe,-0.0012259878403924845,0.010421180203546699,0
2025-08-22,Max Sharpe,5.959253565086765e-05,0.010421180203546699,0
2025-08-25,Max Sharpe,-0.0020111892332395163,0.010421180203546699,0
2025-08-26,Max Sharpe,-0.00029475796029022113,0.010421180203546699,0
2025-08-27,Max Sharpe,-0.0008021629337727068,0.010421180203546699,0
2025-08-28,Max Sharpe,-0.0004850024676124756,0.010421180203546699,0
2025-08-29,Max Sharpe,7.613057167478823e-05,0.010421180203546699,0
2025-09-02,Max Sharpe,-0.00874884444188705,0.010421180203546699,0
2025-09-03,Max Sharpe,-0.0009191194087296402,0.010421180203546699,0
2025-09-04,Max Sharpe,-0.0007417295410065956,0.010421180203546699,0
2025-09-05,Max Sharpe,0.00033084428356604695,0.010421180203546699,0
2025-09-08,Max Sharpe,-0.001831345621845303,0.010421180203546699,0
2025-09-09,Max Sharpe,-0.0017949228310236527,0.010421180203546699,0
2025-09-10,Max Sharpe,-0.002321944168853197,0.010421180203546699,0
2025-09-11,Max Sharpe,0.001038607947493694,0.010421180203546699,0
2025-09-12,Max Sharpe,-0.0011898332659900294,0.010421180203546699,0
2025-09-15,Max Sharpe,-0.0014384500521046819,0.010421180203546699,0
2025-09-16,Max Sharpe,0.0027937118694255523,0.010421180203546699,0
2025-09-17,Max Sharpe,0.0004220097797526586,0.010421180203546699,0
2025-09-18,Max Sharpe,-0.002470956325549304,0.010421180203546699,0
2025-09-19,Max Sharpe,-0.003648071050283192,0.010421180203546699,0
2025-09-22,Max Sharpe,-0.0017168768412711565,0.010421180203546699,0
2025-09-23,Max Sharpe,-0.0002541202769885694,0.010421180203546699,0
2025-09-24,Max Sharpe,-0.002112263058951162,0.010421180203546699,0
2025-09-25,Max Sharpe,-0.0034350075947764055,0.010421180203546699,0
2025-09-26,Max Sharpe,-0.00027704501865135386,0.010421180203546699,0
2025-09-29,Max Sharpe,-0.0030837657679345476,0.010421180203546699,0
2025-09-30,Max Sharpe,-0.0014999147903767907,0.010421180203546699,0
2025-10-01,Max Sharpe,-0.0015918994977351959,0.010421180203546699,0
2025-10-02,Max Sharpe,-0.0001630500691843922,0.010421180203546699,0
2025-10-03,Max Sharpe,-0.0014818841120831689,0.010421180203546699,0
2025-10-06,Max Sharpe,-0.007989026937070215,0.010421180203546699,0
2025-10-07,Max Sharpe,-0.0032450395779331934,0.010421180203546699,0
2025-10-08,Max Sharpe,-0.005948952751831391,0.010421180203546699,0
2025-10-09,Max Sharpe,0.0015326208459271423,0.010421180203546699,0
2025-10-10,Max Sharpe,0.006414673737513897,0.010421180203546699,0
2025-10-13,Max Sharpe,-0.009863304872545442,0.010421180203546699,0
2025-10-14,Max Sharpe,0.0006338285735930211,0.010421180203546699,0
2025-10-15,Max Sharpe,-0.0023905521259072458,0.010421180203546699,0
2025-10-16,Max Sharpe,-0.0017529524946393892,0.010421180203546699,0
2025-10-17,Max Sharpe,0.0033081722244456646,0.010421180203546699,0
2025-10-20,Max Sharpe,-0.011534531158097903,0.010421180203546699,0
2025-10-21,Max Sharpe,0.013141964812756764,0.010421180203546699,1
2025-10-22,Max Sharpe,0.0005550404986058289,0.012432081095151726,0
2025-10-23,Max Sharpe,-0.0030612444354985633,0.012432081095151726,0
2025-10-24,Max Sharpe,-0.00023147046188804463,0.012432081095151726,0
2025-10-27,Max Sharpe,0.0049079077112918566,0.012432081095151726,0
2025-10-28,Max Sharpe,0.002506467183251807,0.012432081095151726,0
2025-10-29,Max Sharpe,-0.0016706700952381307,0.012432081095151726,0
2025-10-30,Max Sharpe,-0.004912495598973087,0.012432081095151726,0
2025-10-31,Max Sharpe,-0.0009981385402553654,0.012432081095151726,0
2025-11-03,Max Sharpe,-0.0004316860350118128,0.012432081095151726,0
2025-11-04,Max Sharpe,0.004886348628061836,0.012432081095151726,0
2025-11-05,Max Sharpe,-0.003547986588358059,0.012432081095151726,0
2025-11-06,Max Sharpe,0.004854898136604247,0.012432081095151726,0
2025-11-07,Max Sharpe,-0.0017250558666941228,0.012432081095151726,0
2025-11-10,Max Sharpe,-0.008977722331338847,0.012432081095151726,0
2025-11-11,Max Sharpe,-0.000449297682380207,0.012432081095151726,0
2025-11-12,Max Sharpe,-0.002988976979188741,0.012432081095151726,0
2025-11-13,Max Sharpe,0.00597180861415285,0.012432081095151726,0
2025-11-14,Max Sharpe,0.004103199223462223,0.012432081095151726,0
2025-11-17,Max Sharpe,0.003187271621104324,0.012432081095151726,0
2025-11-18,Max Sharpe,-0.0013035943879304882,0.012432081095151726,0
2025-11-19,Max Sharpe,-0.003396714313788853,0.012432081095151726,0
2025-11-20,Max Sharpe,0.0030711627581614907,0.012432081095151726,0
2025-11-21,Max Sharpe,-0.00041066288483764543,0.012432081095151726,0
2025-11-24,Max Sharpe,-0.0059750302305543795,0.012432081095151726,0
2025-11-25,Max Sharpe,0.000731304945829151,0.012432081095151726,0
2025-11-26,Max Sharpe,-0.002371218942900551,0.01116003876676824,0
2025-11-28,Max Sharpe,-0.0033614979224644917,0.01116003876676824,0
2025-12-01,Max Sharpe,0.0009679861044221236,0.01116003876676824,0
2025-12-02,Max Sharpe,0.000383643333629067,0.01116003876676824,0
2025-12-03,Max Sharpe,0.0018181335054501268,0.01116003876676824,0
2025-12-04,Max Sharpe,-0.001465118128156677,0.01116003876676824,0
2025-12-05,Max Sharpe,0.0013258077808939216,0.01116003876676824,0
2025-12-08,Max Sharpe,0.00037981379412971045,0.01116003876676824,0
2025-12-09,Max Sharpe,-0.002050893997150645,0.01116003876676824,0
2025-12-10,Max Sharpe,0.0008031911660412614,0.01116003876676824,0
2025-12-11,Max Sharpe,-0.0005458989740346528,0.01116003876676824,0
2025-12-12,Max Sharpe,-8.137467494804575e-05,0.01116003876676824,0
2025-12-15,Max Sharpe,0.001152572059631574,0.01116003876676824,0
2025-12-16,Max Sharpe,0.0012269197895286704,0.01116003876676824,0
2025-12-17,Max Sharpe,-0.001862718927596058,0.01116003876676824,0
2025-12-18,Max Sharpe,-0.0007257119563727071,0.01116003876676824,0
2025-12-19,Max Sharpe,-0.0040941817147811446,0.01116003876676824,0
2025-12-22,Max Sharpe,-0.0039515035763223825,0.01116003876676824,0
2025-12-23,Max Sharpe,-0.0016836009767868402,0.01116003876676824,0
2025-12-24,Max Sharpe,0.00024219925248374562,0.01116003876676824,0
2025-12-26,Max Sharpe,-0.0024943052217209316,0.01116003876676824,0
2025-12-29,Max Sharpe,0.009821588138185107,0.01116003876676824,0
2025-12-30,Max Sharpe,-0.0019539158799695634,0.011514980242216621,0
2025-12-31,Max Sharpe,0.0032209223655102724,0.011514980242216621,0
2026-01-02,Max Sharpe,-0.004032590114060224,0.011514980242216621,0
2026-01-05,Max Sharpe,-0.007430032416742354,0.011514980242216621,0
2026-01-06,Max Sharpe,-0.004355162864270096,0.011514980242216621,0
2026-01-07,Max Sharpe,0.002514978779804189,0.011514980242216621,0
2026-01-08,Max Sharpe,-0.003416812340681809,0.011514980242216621,0
2026-01-09,Max Sharpe,-0.0039573581457854065,0.011514980242216621,0
2026-01-12,Max Sharpe,-0.003923253869377036,0.011514980242216621,0
2026-01-13,Max Sharpe,-0.002132016744867914,0.011514980242216621,0
2026-01-14,Max Sharpe,-0.0017990457496471247,0.011514980242216621,0
2026-01-15,Max Sharpe,-0.0002104362572930367,0.011514980242216621,0
2026-01-16,Max Sharpe,0.0009033154297133808,0.011514980242216621,0
2026-01-20,Max Sharpe,0.0006835454362286489,0.011514980242216621,0
2026-01-21,Max Sharpe,-0.006832423407801534,0.011514980242216621,0
2026-01-22,Max Sharpe,-0.0018158083942459882,0.011514980242216621,0
2026-01-23,Max Sharpe,0.0011104590241600098,0.011514980242216621,0
2026-01-26,Max Sharpe,-0.0007585649466242026,0.011514980242216621,0
2026-01-27,Max Sharpe,-0.0006923527604740946,0.011514980242216621,0
2026-01-28,Max Sharpe,-0.011579221197233218,0.011514980242216621,0
2026-01-29,Max Sharpe,0.0004687188349063875,0.011514980242216621,0
2026-01-30,Max Sharpe,0.01928286630343828,0.011514980242216621,1
2026-02-02,Max Sharpe,0.007796196370007455,0.013360686240019074,0
2026-02-03,Max Sharpe,-0.011269595516365851,0.013360686240019074,0
2026-02-04,Max Sharpe,-0.000890049285739449,0.013360686240019074,0
2026-02-05,Max Sharpe,0.009515771396062016,0.013360686240019074,0
2026-02-06,Max Sharpe,-0.010418233318153676,0.013360686240019074,0
2026-02-09,Max Sharpe,-0.0021752652631061666,0.013360686240019074,0
2026-02-10,Max Sharpe,0.0024363493586098133,0.013360686240019074,0
2026-02-11,Max Sharpe,-0.003159566034787193,0.013360686240019074,0
2026-02-12,Max Sharpe,0.010672246785074472,0.013360686240019074,0
2026-02-13,Max Sharpe,-0.006377793312830417,0.013360686240019074,0
2026-02-17,Max Sharpe,0.005497178663940852,0.013360686240019074,0
2026-02-18,Max Sharpe,-0.009716261558087516,0.013360686240019074,0
2026-02-19,Max Sharpe,-0.001726550750774588,0.013360686240019074,0
2026-02-20,Max Sharpe,-0.0049933727758753625,0.013360686240019074,0
2026-02-23,Max Sharpe,-0.003788069463468152,0.013360686240019074,0
2026-02-24,Max Sharpe,0.0021481479339093426,0.013360686240019074,0
2026-02-25,Max Sharpe,-0.0009889566275723773,0.013360686240019074,0
2026-02-26,Max Sharpe,-0.0016570624906466266,0.013360686240019074,0
2026-02-27,Max Sharpe,-0.0020318855456556333,0.013360686240019074,0
2026-03-02,Max Sharpe,-0.009196717000404132,0.013360686240019074,0
2026-03-03,Max Sharpe,0.009366575968671619,0.013360686240019074,0
2026-03-04,Max Sharpe,-0.003604819552898206,0.013360686240019074,0
2026-03-05,Max Sharpe,0.0024730325075463682,0.013360686240019074,0
2026-03-06,Max Sharpe,-0.003321122819330323,0.013360686240019074,0
2026-03-09,Max Sharpe,0.00019016495127801084,0.013360686240019074,0
2026-03-10,Max Sharpe,-0.0028952063204106017,0.013360686240019074,0
2026-03-11,Max Sharpe,-0.0014707681565868994,0.013360686240019074,0
2026-03-12,Max Sharpe,0.002014949103843994,0.013360686240019074,0
2026-03-13,Max Sharpe,-0.0006324651160206432,0.013360686240019074,0
2026-03-16,Max Sharpe,0.0012915313740081268,0.013360686240019074,0
2026-03-17,Max Sharpe,0.0006929709294493307,0.013360686240019074,0
2026-03-18,Max Sharpe,0.006154962970806383,0.013360686240019074,0
2026-03-19,Max Sharpe,0.01632863763956194,0.013360686240019074,1
2026-03-20,Max Sharpe,0.0071145195773854916,0.014977312070816663,0
2026-03-23,Max Sharpe,0.007079306880737107,0.014977312070816663,0
2026-03-24,Max Sharpe,-0.0018896571380722918,0.014977312070816663,0
2026-03-25,Max Sharpe,-0.008995638967409257,0.014977312070816663,0
2026-03-26,Max Sharpe,0.009135921121913082,0.014977312070816663,0
2026-03-27,Max Sharpe,-0.00668743861789188,0.014977312070816663,0
2026-03-30,Max Sharpe,-0.0038407170815192683,0.014977312070816663,0
2026-03-31,Max Sharpe,-0.008567578823728798,0.014977312070816663,0
2026-04-01,Max Sharpe,-0.0037561761977600774,0.014977312070816663,0
2026-04-02,Max Sharpe,-4.8675430042363404e-05,0.014977312070816663,0
2026-04-06,Max Sharpe,0.0001271402083160494,0.013360686240019074,0
2026-04-07,Max Sharpe,-0.0012317013093472223,0.013360686240019074,0
2026-04-08,Max Sharpe,0.0011798090116604655,0.013360686240019074,0
2026-04-09,Max Sharpe,-0.0016275826358370892,0.013360686240019074,0
2026-04-10,Max Sharpe,0.0012312594710341166,0.013360686240019074,0
2026-04-13,Max Sharpe,-0.00011766415734443259,0.011931802979192418,0
2026-04-14,Max Sharpe,-0.004365297106589331,0.011931802979192418,0
2026-04-15,Max Sharpe,0.0024930639072619893,0.011931802979192418,0
2026-04-16,Max Sharpe,-0.0021052475276104837,0.011931802979192418,0
2026-04-17,Max Sharpe,-0.003408730870967505,0.011931802979192418,0
2026-04-20,Max Sharpe,0.002561003964731606,0.011931802979192418,0
2026-04-21,Max Sharpe,0.0038099587920099546,0.011931802979192418,0
2026-04-22,Max Sharpe,-0.004909007670147738,0.011931802979192418,0
2026-04-23,Max Sharpe,0.0010448464467092157,0.011931802979192418,0
2026-04-24,Max Sharpe,-0.0004935991331884581,0.011931802979192418,0
2026-04-27,Max Sharpe,0.0021308615656666827,0.011931802979192418,0
2026-04-28,Max Sharpe,0.0026601653489046117,0.011931802979192418,0
2026-04-29,Max Sharpe,-4.407152906398849e-05,0.011931802979192418,0
2026-04-30,Max Sharpe,9.913796275621807e-05,0.011931802979192418,0
2026-05-01,Max Sharpe,-0.0008276939702502492,0.011931802979192418,0
2026-05-04,Max Sharpe,0.0030500975841839108,0.011931802979192418,0
2026-05-05,Max Sharpe,-0.003600528983762527,0.011931802979192418,0
2026-05-06,Max Sharpe,-0.0048584792048717105,0.011931802979192418,0
2026-05-07,Max Sharpe,-6.980653847317745e-05,0.011931802979192418,0
2026-05-08,Max Sharpe,-0.0007997779150379538,0.011931802979192418,0
2026-05-11,Max Sharpe,-0.0018629270256470347,0.011931802979192418,0
2026-05-12,Max Sharpe,-0.0012246282578645528,0.011931802979192418,0
2026-05-13,Max Sharpe,-0.0002378367377847847,0.011931802979192418,0
2026-05-14,Max Sharpe,-0.0016669073970538592,0.011931802979192418,0
2026-05-15,Max Sharpe,0.003970805060692983,0.011931802979192418,0
2026-05-18,Max Sharpe,0.0008353285022277318,0.011931802979192418,0
2026-05-19,Max Sharpe,0.002465168666360592,0.011931802979192418,0
2026-05-20,Max Sharpe,-0.002829538142627988,0.011931802979192418,0
2026-05-21,Max Sharpe,-6.488916416527669e-05,0.011931802979192418,0
2026-05-22,Max Sharpe,0.0013804398572859404,0.011931802979192418,0
2026-05-26,Max Sharpe,-0.0004390219915424515,0.011931802979192418,0
2026-05-27,Max Sharpe,0.004527672671489914,0.011931802979192418,0
